country,year,Avg_Temperature_C,Annual_Rainfall_mm,gdp_per_capita,renewables_share_energy,co2_per_capita,coal_cons_per_capita,oil_energy_per_capita,gas_energy_per_capita,energy_per_capita,population
Bangladesh,1970,25.41,2621.94,978.884386,,0.05507176,0,0,0,0,69058898
Bangladesh,1971,24.82,2103.05,919.020376,3.634,0.051309027,15.467,115.761,52.181,190.773,70276757
Bangladesh,1972,25.4,1678.22,796.1351003,3.207,0.048936997,15.173,138.453,51.187,212.036,71641525
Bangladesh,1973,25.52,2478.37,777.6086343,4.734,0.061713949,19.16,152.031,79.771,264.238,73722297
Bangladesh,1974,25.25,2626.71,857.5736125,3.26,0.061354481,16.556,153.74,93.789,273.559,75839352
Bangladesh,1975,25.39,2176.83,824.5728362,5.699,0.062382165,18.666,175.094,63.669,273.987,77854352
Bangladesh,1976,25.48,2253.09,840.0445572,5.532,0.069573298,17.979,184.695,90.759,311.726,79855318
Bangladesh,1977,25.2,2297.48,827.0007801,4.787,0.070660159,18.319,177.395,99.228,310.725,81867267
Bangladesh,1978,25.27,2243.94,866.7290028,5.219,0.071336836,17.323,184.291,102.687,322.137,83889660
Bangladesh,1979,25.98,2230.93,888.0295399,5.492,0.076949351,12.581,199.131,114.803,346.714,85935070
Bangladesh,1980,25.59,2167.09,874.2136505,4.674,0.086315915,16.41,219.175,139.646,394.817,88016435
Bangladesh,1981,25.28,2510.13,880.084,4.727,0.087329626,16.442,220.291,150.757,407.956,90303104
Bangladesh,1982,25.39,2095.25,867.2397448,3.583,0.092143871,19.379,211.404,190.432,437.877,92814506
Bangladesh,1983,25.39,2638.31,885.8871871,4.589,0.085889421,10.678,184.061,206.295,421.567,95335162
Bangladesh,1984,25.5,2843.91,909.9272645,5.757,0.092799298,4.165,180.77,232.078,444.13,97814965
Bangladesh,1985,25.74,2191.29,914.8539618,4.264,0.101633638,5.682,196.888,257.152,481.519,100253825
Bangladesh,1986,25.57,2367.37,932.9856811,2.383,0.111129187,8.382,207.292,283.237,511.875,102635569
Bangladesh,1987,25.88,2585.63,949.5399269,2.481,0.112421937,12.904,199.558,325.421,552.448,104959291
Bangladesh,1988,25.99,2672.36,955.6170874,2.909,0.125712946,13.012,195.719,374.954,602.302,107216011
Bangladesh,1989,25.66,1946.21,960.779504,3.68,0.122287288,13.279,209.642,388.35,636.131,109433805
Bangladesh,1990,25.58,2528.95,1004.224049,3.332,0.126141056,29.315,199.114,409.751,661.596,111633722
Bangladesh,1991,25.42,2565.61,1031.149827,3.274,0.129654184,9.195,181.241,413.997,626.21,113787112
Bangladesh,1992,25.18,1710.4,1064.44842,2.851,0.132734835,8.472,198.394,443.029,670.195,115952198
Bangladesh,1993,25.27,2601.27,1099.676176,1.979,0.136067003,3.1,218.138,486.764,723.221,118132363
Bangladesh,1994,25.55,1764.34,1142.006187,2.599,0.145855352,2.85,223.169,506.765,753.595,120343183
Bangladesh,1995,25.85,2312.05,1189.499389,0.965,0.171748012,30.439,284.285,549.944,873.64,122600372
Bangladesh,1996,25.67,2108.26,1241.599891,1.832,0.17224969,16.387,285.166,579.556,898.61,124862185
Bangladesh,1997,25.18,2148.49,1299.780902,1.696,0.181953341,29.521,321.364,559.228,926.829,127198070
Bangladesh,1998,25.91,2497.1,1357.024092,1.916,0.179105863,8.341,347.593,592.988,968.654,129622332
Bangladesh,1999,26.02,2513.31,1421.524779,1.824,0.18994531,4.048,304.174,634.356,961.223,132108065
Bangladesh,2000,25.28,2332.93,1492.625774,1.625,0.197252989,28.514,293.492,673.25,1012.713,134544303
Bangladesh,2001,25.86,2252.27,1558.156027,1.831,0.227067992,29.742,344.771,741.431,1138.044,136805810
Bangladesh,2002,25.76,2301.65,1628.729127,1.454,0.23037535,30.584,308.609,768.074,1124.599,138933659
Bangladesh,2003,25.78,2150.53,1718.984774,1.353,0.237609774,28.823,311.368,814.244,1171.225,140970355
Bangladesh,2004,25.7,2214.81,1822.026118,1.233,0.251766652,28.473,320.023,863.54,1228.083,142902857
Bangladesh,2005,25.97,1991.46,1936.653507,1.123,0.260625839,57.685,324.749,916.511,1314.626,144715789
Bangladesh,2006,26.19,1901.93,2071.332265,1.051,0.285000712,86.635,322.881,981.064,1406.255,146405983
Bangladesh,2007,25.97,2456.52,2210.109484,1.037,0.288366169,69.947,308.895,1036.316,1430.873,147989282
Bangladesh,2008,25.74,2155.42,2337.93688,1.224,0.303339779,72.896,303.689,1095.601,1491.569,149474264
Bangladesh,2009,26.49,1957.16,2470.233033,0.513,0.326023489,90.24,284.516,1242.545,1626.153,150873716
Bangladesh,2010,26.38,2193.72,2628.663608,0.834,0.355025113,57.002,312.96,1265.012,1649.613,152201978
Bangladesh,2011,25.74,1994.39,2808.878751,0.995,0.361952752,84.09,390.776,1274.954,1768.521,153591074
Bangladesh,2012,25.47,1947.81,2956.447555,0.846,0.385012031,68.724,440.813,1375.912,1902.543,155070110
Bangladesh,2013,25.18,1996.31,3105.657846,0.813,0.413734823,94.296,444.89,1402.446,1958.554,156532134
Bangladesh,2014,25.65,1770.36,3271.573003,0.686,0.427638501,59.197,485.328,1457.429,2016.64,157964931
Bangladesh,2015,25.45,2486.1,3464.008727,0.793,0.482774466,192.197,581.52,1622.132,2416.201,159383179
Bangladesh,2016,25.88,2076.43,3668.463002,0.74,0.508427203,143.247,597.658,1644.837,2404.679,160811934
Bangladesh,2017,25.68,2681.73,3890.331129,0.857,0.533528149,154.866,667.465,1639.639,2484.585,162186146
Bangladesh,2018,25.3,1770.57,4151.782419,0.708,0.52963835,174.708,759.489,1677.378,2631.359,163523109
Bangladesh,2019,25.65,1989.33,4349.046677,0.64,0.574894965,291.456,739.012,1875.799,2926.16,164913060
Bangladesh,2020,25.42,2428.5,4536.183587,0.653,0.575647771,314.777,618.025,1798.898,2750.767,166298024
Bangladesh,2021,25.76,2092.51,4815.184963,0.671,0.587683141,252.364,838.414,1825.666,2937.336,167658855
Bangladesh,2022,25.75,1757.35,5066.236439,0.693,0.603049099,327.046,980.865,1693.612,3023.729,169384891
Bangladesh,2023,26.02,2074.6,5293.746126,0.79,0.609602332,476.896,812.805,1640.309,2954.849,171466986
Bangladesh,2024,26.18,2020.96,5450.705613,1.095,0.624086201,514.044,924.544,1574.326,3048.313,173562366
India,1970,24.39,1260.77,1371.666987,11.151,0.332910329,800.215,415.655,11.593,1399.141,545864271
India,1971,23.92,1146.93,1353.988344,11.763,0.343963653,793.541,436.004,12.016,1423.385,558096385
India,1972,24.48,874.87,1320.887982,10.844,0.355904281,819.803,459.932,12.894,1465.179,570482138
India,1973,24.61,1219.27,1351.922035,11.316,0.358369082,790.877,474.679,12.574,1462.509,583465599
India,1974,24.42,1026.14,1334.902424,10.271,0.361539513,872.395,454.814,13.909,1514.112,597041391
India,1975,24.09,1279.74,1419.918959,11.421,0.383127868,915.913,454.913,17.39,1590.048,611309536
India,1976,24.41,1102.19,1403.728232,11.392,0.391060472,931.571,468.568,20.634,1628.88,625861887
India,1977,24.55,1208.55,1478.143516,11.753,0.404122382,952.474,491.641,21.524,1682.769,640801106
India,1978,24.36,1206.58,1521.849999,14.048,0.40130946,900.776,522.129,23.493,1709.508,655728226
India,1979,24.83,1050.45,1411.785574,12.826,0.411655545,934.944,550.502,28.546,1762.57,671155746
India,1980,24.84,1083.94,1476.829926,12.743,0.424401999,959.571,548.213,16.485,1772.884,687354029
India,1981,24.49,1173.42,1531.120847,12.261,0.447592676,1054.635,576.464,28.111,1917.425,703696251
India,1982,24.45,1004.82,1543.161473,10.437,0.451724261,1018.868,586.767,36.005,1854.816,720313473
India,1983,24.2,1239.38,1630.585222,9.558,0.477648377,1056.519,602.617,41.848,1905.482,737372683
India,1984,24.4,1057.25,1654.458364,10.001,0.478978097,1084.034,631.981,46.816,1988.3,754875449
India,1985,24.71,1073.95,1680.714033,9.14,0.514595568,1109.687,669.951,55.948,2050.433,772647800
India,1986,24.53,1034.43,1711.296512,8.662,0.539172173,1165.109,688.335,76.389,2144.444,790689977
India,1987,24.97,984.47,1746.605745,7.582,0.562909007,1250.576,694.456,86.011,2228.686,808931268
India,1988,24.97,1259.52,1885.662913,7.771,0.594312251,1312.101,745.157,98.514,2371.811,827342994
India,1989,24.41,1032.57,1966.489679,8.257,0.639050364,1394.664,789.292,114.539,2533.468,846039528
India,1990,24.49,1243.76,2024.334375,8.068,0.668214023,1475.221,802.405,134.024,2659.855,864972221
India,1991,24.63,1032.47,2000.722218,8.531,0.69619745,1536.187,798.822,146.062,2746.45,883927605
India,1992,24.49,966.1,2050.71926,7.687,0.725863457,1592.829,824.166,159.86,2827.125,902957075
India,1993,24.71,1071.64,2108.572963,7.588,0.734463274,1615.438,815.56,159.059,2837.215,922118380
India,1994,24.56,1157.67,2183.495284,8.187,0.758680701,1633.39,858.795,168.482,2929.481,941163772
India,1995,24.72,1147.02,2280.051497,7.258,0.791918516,1699.064,938.614,188.252,3085.614,960301046
India,1996,24.77,1111.92,2393.875926,6.408,0.840686202,1713.299,992.939,201.41,3145.554,979678460
India,1997,24.24,1121.88,2428.908824,6.202,0.858719587,1756.885,1040.757,214.712,3254.829,999133764
India,1998,24.99,1190.37,2520.802151,6.971,0.859736323,1780.427,1093.105,231.115,3386.291,1018665080
India,1999,24.87,1063.83,2610.562132,6.735,0.925804257,1730.523,1174.554,232.352,3415.791,1038225822
India,2000,24.81,1043.41,2650.929428,6.042,0.933021903,1806.527,1207.564,239.741,3521.43,1057922731
India,2001,24.93,1025.47,2728.220932,5.693,0.928842843,1787.694,1188.512,235.901,3470.525,1077898579
India,2002,25.2,908.97,2755.998063,5.218,0.940916538,1833.809,1206.489,241.932,3526.61,1097600380
India,2003,24.94,1055.79,2911.090402,5.144,0.956657469,1887.516,1206.743,254.538,3589.451,1116803000
India,2004,25.02,1030.4,3076.627588,6.887,0.998784721,1974.952,1256.045,269.977,3831.588,1135991509
India,2005,24.77,1116.64,3249.939039,6.359,1.035262704,2127.101,1255.874,297.275,3991.09,1154676321
India,2006,25.03,1190.24,3469.971277,7.134,1.102689743,2174.022,1306.221,305.89,4139.273,1172878888
India,2007,25.06,1136.08,3698.080016,7.276,1.17033112,2343.436,1375.254,325.951,4425.184,1190676028
India,2008,24.82,1156.62,3849.183702,6.712,1.233817577,2500.774,1423.309,331.043,4616.596,1207930960
India,2009,25.57,1001,4074.563845,5.965,1.316438198,2666.83,1474.299,400.711,4886.388,1225524764
India,2010,25.5,1251.78,4311.580891,6.057,1.349862814,2692.88,1486.484,474.166,5024.514,1243481565
India,2011,24.88,1147.15,4535.822781,6.967,1.399984121,2758.322,1534.829,477.995,5222.708,1261224956
India,2012,24.84,1067.39,4733.360592,6.208,1.507018685,2962.301,1604.528,435.6,5425.75,1278674501
India,2013,24.71,1255.45,4957.805574,6.75,1.539814591,3094.334,1594.08,378.285,5527.781,1295829507
India,2014,24.86,1065.91,5239.126491,6.829,1.636888862,3353.768,1619.699,369.599,5831.643,1312277184
India,2015,24.98,1124.91,5565.802102,6.357,1.68055439,3381.316,1728.913,359.985,5943.03,1328024494
India,2016,25.36,1120.31,5995.386577,6.37,1.750474453,3413.603,1870.808,377.925,6148.213,1343944296
India,2017,25.23,1159.6,6288.370628,6.793,1.784068465,3484.081,1903.565,394.216,6304.287,1359657398
India,2018,25.1,1019.78,6673.074004,7.307,1.887906075,3623.882,1967.406,421.896,6593.169,1374659067
India,2019,25.03,1322.77,6908.030152,8.108,1.879854321,3591.731,2009.997,426.555,6682.068,1389030307
India,2020,24.87,1243.17,6377.584774,8.893,1.727293253,3361.338,1809.369,430.339,6268.437,1402617694
India,2021,25.07,1216.65,6930.840062,8.657,1.89207375,3785.021,1830.593,441.045,6749.358,1414203896
India,2022,25.18,1299.86,7349.570695,9.421,1.986169219,3901.532,1967.507,408.657,7057.187,1425423209
India,2023,25.03,1163.62,7810.199006,8.861,2.129769325,4267.682,2043.875,431.373,7529.44,1438069597
India,2024,25.43,1253.84,8290.493009,9.146,2.200978279,4397.042,2087.442,484.39,7812.928,1450935785
Indonesia,1970,25.61,2966.42,1909.34941,10.946,0.309460133,8.748,700.28,108.734,924.764,115657496
Indonesia,1971,25.4,2898.65,1961.27601,3.768,0.327811927,9.787,706.398,107.023,857.518,118833700
Indonesia,1972,25.61,2239.27,2126.102319,3.176,0.354850441,9.53,743.886,102.215,885.506,122039844
Indonesia,1973,25.78,3082.94,2377.717845,3.554,0.391874552,6.219,865,64.81,972.745,125288516
Indonesia,1974,25.45,2727.12,2435.476073,3.674,0.3984707,6.604,880.71,88.982,1015.941,128555052
Indonesia,1975,25.46,3028.72,2374.687498,3.146,0.409050435,8.204,984.865,179.375,1212.983,131843848
Indonesia,1976,25.3,2516.91,2519.874294,1.756,0.457076609,8.001,1034.94,176.458,1242.602,135173656
Indonesia,1977,25.43,2713.45,2649.838442,2.209,0.594876349,8.395,1190.743,366.337,1603.114,138533540
Indonesia,1978,25.53,2928.85,2703.671083,1.402,0.661686301,10.896,1309.705,413.284,1760.123,141953161
Indonesia,1979,25.61,2627.35,2783.691807,1.369,0.654060602,15.993,1390.833,520.639,1955.95,145434830
Indonesia,1980,25.62,2699.51,2951.768816,1.154,0.636814415,19.754,1527.78,479.048,2051.762,148950537
Indonesia,1981,25.7,2850.8,3081.604664,1.072,0.657587826,20.593,1636.376,467.279,2148.758,152485036
Indonesia,1982,25.61,2271.16,2900.348965,1.147,0.676405847,19.004,1661.842,433.833,2140.806,156052153
Indonesia,1983,25.84,2714.04,2948.174273,1.629,0.65861696,18.576,1590.043,569.005,2216.014,159651382
Indonesia,1984,25.36,3033,3083.016777,1.616,0.688630641,19.021,1675.777,649.72,2385.503,163251124
Indonesia,1985,25.57,2791.64,3091.827169,1.863,0.728809178,62.761,1612.239,752.23,2476.281,166776183
Indonesia,1986,25.67,2798.35,3207.956551,2.811,0.717548788,98.822,1620.31,795.061,2591.599,170175065
Indonesia,1987,25.87,2504.28,3301.614688,2.74,0.713572025,151.951,1646.06,806.683,2682.797,173511157
Indonesia,1988,25.8,2936.59,3424.512837,2.851,0.750044942,155.72,1698.468,840.213,2778.564,176855071
Indonesia,1989,25.64,2863.43,3662.794689,3.208,0.730215669,229.371,1768.063,923.18,3023.664,180201638
Indonesia,1990,25.87,2596.35,3915.77435,3.597,0.844630837,216.827,1995.971,935.854,3270.71,183501097
Indonesia,1991,25.8,2459.7,4210.555033,3.661,0.935624123,215.583,2088.531,1058.404,3495.795,186778239
Indonesia,1992,25.81,2661.79,4429.403578,4.219,1.048695445,258.629,2212.703,1134.454,3772.081,190043742
Indonesia,1993,25.75,2571.96,4721.5637,3.686,1.112038851,296.406,2319.984,1183.057,3951.486,193305169
Indonesia,1994,25.79,2532.07,5016.486593,3.404,1.115000367,291.552,2255.135,1377.633,4067.548,196591829
Indonesia,1995,25.84,2924.03,5364.024144,3.445,1.111748695,315.564,2455.476,1428.722,4353.857,199888055
Indonesia,1996,25.84,2826.07,5714.845379,3.415,1.244342208,370.016,2597.927,1463.085,4592.158,203204353
Indonesia,1997,25.95,2268.46,5914.000553,2.451,1.354221463,448.972,2831.297,1501.501,4903.236,206536089
Indonesia,1998,26.18,2868.85,5080.693646,3.927,1.164366722,474.257,2655.029,1424.935,4744.717,209826791
Indonesia,1999,25.79,2907.76,5067.412572,3.788,1.369785309,643.009,2738.103,1525.4,5103.107,213004667
Indonesia,2000,25.86,2925.32,5268.010549,3.699,1.300709486,708.4,2950.948,1527.466,5387.869,216077789
Indonesia,2001,25.92,2865.39,5409.549253,4.096,1.445743442,886.963,3011.229,1557.96,5690.083,219097905
Indonesia,2002,26.06,2586.5,5602.496068,3.647,1.38774097,902.594,2985.509,1670.661,5768.058,222088499
Indonesia,2003,25.92,2884.98,5820.141657,3.195,1.506451488,1195.686,3035.264,1757.766,6183.915,225048005
Indonesia,2004,25.92,2629.22,6087.249513,3.415,1.503591657,1085.352,3163.336,1588.326,6040.208,227926649
Indonesia,2005,25.94,2729.63,6388.291254,3.494,1.504564524,1229.036,3119.893,1576.355,6137.142,230871648
Indonesia,2006,25.83,2656.42,6689.471623,3.234,1.480501413,1413.92,2964.576,1586.283,6159.938,233951650
Indonesia,2007,25.85,2854.02,7062.392842,3.374,1.634917021,1760.419,3086.553,1461.305,6524.362,237062338
Indonesia,2008,25.71,2996.57,7534.589233,3.62,1.521432519,1524.293,3108.189,1652.858,6514.816,240157902
Indonesia,2009,25.98,2760.29,7835.364243,3.736,1.638945699,1555.468,3083.768,1730.976,6608.3,243220024
Indonesia,2010,26.09,3271.38,8279.701399,4.417,1.80820322,1744.255,3222.91,1788.333,7062.331,246305327
Indonesia,2011,25.88,2899.83,8731.247352,3.554,2.00608325,1989.279,3411.141,1713.003,7365.991,249470029
Indonesia,2012,25.99,2850.16,9139.467847,3.577,2.041047096,2001.221,3541.027,1859.037,7665.836,252698525
Indonesia,2013,26.06,2893.53,9528.448118,4.534,1.928592443,1722.697,3380.889,1711.469,7131.105,255852464
Indonesia,2014,26.04,2595.84,9888.593295,4.708,1.92380178,1811.938,3327.677,1704.797,7171.866,258877395
Indonesia,2015,26.12,2475.16,10255.04806,4.003,2.105277538,2033.138,3140.18,1792.328,7243.952,261799249
Indonesia,2016,26.23,2934.55,10656.07565,5.81,2.070718527,2056.915,2996.48,1663.241,7120.307,264627429
Indonesia,2017,26.04,3011.46,11082.43634,5.518,2.13553524,2117.51,3180.635,1868.791,7569.616,267346654
Indonesia,2018,26.05,2813.27,11543.38823,8.029,2.249950886,2429.061,3249.539,1596.842,7896.082,269951847
Indonesia,2019,26.2,2500.24,12009.89209,8.613,2.440643072,2940.412,3138.114,1494.384,8271.658,272489381
Indonesia,2020,26.2,2980.78,11662.29737,10.644,2.26808691,2785.074,2740.797,1370.487,7700.858,274814861
Indonesia,2021,26.01,3067.34,12009.24271,11.076,2.287001371,2757.75,2842.605,1473.34,7937.188,276758056
Indonesia,2022,25.95,3146.39,12552.76342,10.208,2.718570709,4362.903,3077.398,1428.546,9859.904,278830527
Indonesia,2023,26.16,2676.72,13075.87968,10.695,2.711182356,4267.243,3049.313,1545.144,9904.812,281190068
Indonesia,2024,26.38,2997.81,13622.61016,10.954,2.865096331,4625.755,3100.605,1667.503,10528.601,283487933
Malaysia,1970,25.67,2986.46,3552.13268,7.58,1.432967186,18.281,3973.084,7.998,4348.55,10178802
Malaysia,1971,25.54,2955.16,3724.32569,5.899,1.598565578,45.746,4321.368,79.508,4743.357,10423466
Malaysia,1972,25.92,2454.39,3910.323507,5.843,1.67658484,113.284,4616.513,108.694,5158.095,10676839
Malaysia,1973,26,3097.16,4370.681979,5.322,1.600743532,105.286,4795.228,106.121,5306.238,10935622
Malaysia,1974,25.6,2774.48,4585.444861,4.765,1.700280786,102.793,4667.748,215.987,5252.106,11200903
Malaysia,1975,25.61,3020.38,4513.656992,4.615,1.695022941,9.124,4766.548,254.208,5288.928,11471914
Malaysia,1976,25.42,2611.06,4955.303748,3.897,2.033825874,9.898,5221.969,295.466,5765.903,11750093
Malaysia,1977,25.68,2830.68,5232.833872,2.7,1.87947607,10.629,6121.067,263.943,6584.571,12035716
Malaysia,1978,25.8,2539.05,5556.734173,2.381,1.886773705,22.641,6421.396,1906.548,8567.404,12328158
Malaysia,1979,25.89,2760.63,5866.04095,2.529,2.162355423,31.313,7009.364,2316.262,9615.345,12627866
Malaysia,1980,25.84,3017.72,6179.631032,3.088,2.159116268,44.788,7409.424,2003.819,9778.878,12983365
Malaysia,1981,25.96,2885.97,6411.99692,3.311,2.304439545,80.72,7738.625,1632.636,9796.551,13399206
Malaysia,1982,25.98,2548.09,6580.209382,2.975,2.215166092,71.464,7777.678,1990.909,10161.271,13832796
Malaysia,1983,26.29,2653.52,6760.539615,3.017,2.663344145,179.914,8052.736,2701.96,11296.671,14285914
Malaysia,1984,25.6,3306.6,7052.249287,5.532,2.357503891,188.33,7663.686,3240.228,11783.747,14759013
Malaysia,1985,25.79,2819.02,6753.30746,6.097,2.381926537,243.241,7298.336,3027.927,11300.094,15252262
Malaysia,1986,25.86,2751.69,6618.376277,6.075,2.544467449,174.888,6506.516,4547.089,12001.605,15760425
Malaysia,1987,26.22,2634.41,6746.348802,7.105,2.511417866,233.647,6455.081,4392.134,11983.008,16276735
Malaysia,1988,26.07,3276.15,7116.26893,7.796,2.552253008,180.024,6682.607,4342.05,12213.242,16796612
Malaysia,1989,25.86,2700.19,7548.388648,6.433,2.892512798,803.991,6726.079,4823.275,13257.531,17315003
Malaysia,1990,26.22,2406.34,8029.534007,4.645,3.043168306,864.179,7577.671,4435.307,13544.84,17833179
Malaysia,1991,26.22,2650.01,8603.423241,4.096,3.586491823,989.72,8373.835,6411.489,16492.316,18342474
Malaysia,1992,26.13,2442.61,9187.456773,3.497,3.873782158,1011.993,9648.246,6785.505,18118.637,18834569
Malaysia,1993,26.06,2800.13,9923.836173,3.937,4.482423782,824.631,9703.206,6495.53,17766.031,19322667
Malaysia,1994,26.14,2956.59,10653.35575,4.956,4.414503574,893.05,9956.214,6575.32,18391.775,19820446
Malaysia,1995,26.19,3190.95,11499.27682,4.343,5.39065218,954.103,11100.679,6658.021,19617.18,20330602
Malaysia,1996,26.1,3170.28,12431.1391,3.241,5.28096056,934.791,11867.68,7815.216,21352.889,20850085
Malaysia,1997,26.42,2500.5,13117.23434,2.248,5.542460442,881.92,13237.913,9463.864,24160.979,21375225
Malaysia,1998,26.78,2640.38,11949.9487,2.498,5.011326313,918.352,11812.131,9330.349,22662.439,21906713
Malaysia,1999,26.16,3401.36,12465.5666,3.965,4.634904861,1004.973,11273.806,10369.557,23643.684,22435532
Malaysia,2000,26.3,3259.31,13314.42214,3.472,5.350155354,1257.971,11902.488,12519.263,26659.512,22967817
Malaysia,2001,26.39,2964.25,13173.82667,2.964,5.56350708,1467.688,12565.073,11778.036,26646.164,23526535
Malaysia,2002,26.57,2618.22,13679.10602,2.442,5.478077412,1756.174,13275.59,11653.896,27394.982,24102477
Malaysia,2003,26.38,3104.61,14220.92097,2.124,6.215023994,2503.433,13565.575,12263.532,28984.545,24679604
Malaysia,2004,26.32,2781.46,14929.83429,2.19,6.717976093,3051.798,13897.548,12944.748,30602.789,25256773
Malaysia,2005,26.37,2778.28,15473.7527,2.155,6.579107761,3098.98,14070.919,14465.436,32374.299,25836075
Malaysia,2006,26.27,3111.03,16148.47474,2.242,6.441329002,3210.662,13312.505,14711.222,31993.541,26417909
Malaysia,2007,26.21,3240.98,16968.64024,2.063,6.498702049,3808.443,13889.135,14964.398,33389.027,26998383
Malaysia,2008,26.02,3568.85,17600.44217,2.527,6.994801998,4123.625,13074.049,15796.016,33899.559,27570052
Malaysia,2009,26.31,3398.91,17176.35966,2.488,6.831084251,4389.825,12722.249,14230.271,32186.479,28124779
Malaysia,2010,26.46,3093.6,18322.89182,2.202,6.956587791,5993.263,12614.4,13268.922,32635.191,28655772
Malaysia,2011,26.23,3430.31,19116.28173,2.703,6.976631641,5887.225,12659.678,13139.468,32616.752,29162034
Malaysia,2012,26.41,3208.26,19822.2986,2.877,7.18048811,6222.74,13633.979,14164.426,35083.586,29662835
Malaysia,2013,26.51,3082.36,20401.01246,3.328,8.009178162,5803.355,14250.886,14769.977,36091.805,30174269
Malaysia,2014,26.42,2799.98,21258.82872,3.679,7.983200073,5814.494,13990.615,14565.096,35757.457,30696133
Malaysia,2015,26.66,2653.89,21939.68406,3.849,7.554295063,6477.05,12766.37,14997,35686.035,31232796
Malaysia,2016,26.93,2822.66,22514.55434,4.961,7.464491367,6852.753,13939.881,14153.324,36876.836,31789692
Malaysia,2017,26.5,3253.44,23406.61924,6.312,7.555315495,7460.992,12902.673,13921.576,36732.113,32355642
Malaysia,2018,26.54,3232.62,24126.12365,6.332,7.980534554,7867.99,12874.364,13575.357,36769.809,32910963
Malaysia,2019,26.82,2587.58,24791.84262,6.431,8.303468704,7318.326,13766.569,13521.027,37119.496,33440590
Malaysia,2020,26.7,3041.17,23109.59952,7.175,7.735682011,8500.898,11284.654,12869.353,35317.523,33889554
Malaysia,2021,26.48,3286.35,23551.14175,7.646,7.972957611,7769.188,10822.091,14979.03,36500.762,34282404
Malaysia,2022,26.35,3482.76,25293.89547,7.833,8.124507904,7923.9,12968.656,14971.771,39068.727,34695494
Malaysia,2023,26.78,3097.8,25867.36824,8.117,7.865810394,8121.142,13911.171,12479.493,37724.605,35126295
Malaysia,2024,27.06,3123.9,26858.17933,8.282,8.162059784,8455.874,14058.844,12983.879,38865.867,35557670
Pakistan,1970,21.15,297.1,1656.662372,7.922,0.340793163,178.412,905.402,483.721,1711.104,60166721
Pakistan,1971,20.82,191.69,1619.411417,10.942,0.314330876,137.459,828.267,426.222,1576.526,61847896
Pakistan,1972,20.2,259.14,1586.41322,12.553,0.297296345,107.185,664.959,440.198,1408.034,63583192
Pakistan,1973,20.81,293.99,1652.490256,12.396,0.305650681,103.398,661.977,488.153,1461.248,65461912
Pakistan,1974,20.53,193.79,1657.983434,11.496,0.31724754,91.949,692.548,543.616,1537.107,67415487
Pakistan,1975,20.2,345.81,1676.840086,12.61,0.333824575,86.562,697.954,548.162,1566.047,69461179
Pakistan,1976,20.47,373.62,1712.303625,13.489,0.318185478,83.141,677.12,542.13,1542.381,71620249
Pakistan,1977,21.22,282.48,1724.815632,14.816,0.329083502,87.656,690.821,573.978,1617.702,73901831
Pakistan,1978,20.83,355.04,1804.389416,17.203,0.341389716,90.379,705.902,571.203,1677.538,76307381
Pakistan,1979,20.69,307.74,1807.088848,17.059,0.35614568,97.313,728.428,621.517,1766.448,78997040
Pakistan,1980,21.18,274.76,1916.862969,16.12,0.388032079,99.495,730.365,728.549,1880.505,82291008
Pakistan,1981,21.01,304.4,1982.63867,15.652,0.398974538,108.3,743.417,761.992,1939.104,85802048
Pakistan,1982,20.34,340.08,2055.3923,15.973,0.417442292,118.272,787.842,800.422,2059.63,89089247
Pakistan,1983,20.37,351.62,2120.397058,17.322,0.433949739,129.632,838.632,762.32,2126.83,92227711
Pakistan,1984,20.69,265.22,2135.584814,16.962,0.447195441,142.496,881.319,758.094,2181.371,95164940
Pakistan,1985,21.01,237.63,2249.228006,16.764,0.476574183,156.639,911.286,749.746,2220.965,98229291
Pakistan,1986,20.39,328.34,2312.397752,15.108,0.482828259,171.806,949.483,777.419,2275.831,101606770
Pakistan,1987,21.17,219.23,2365.747628,17.737,0.504027188,188.504,1005.423,804.575,2467.277,105130710
Pakistan,1988,21.57,308.4,2434.881159,17.499,0.529846072,190.616,1047.13,824.826,2534.482,108724740
Pakistan,1989,20.4,303.13,2469.106276,16.76,0.536927402,202.087,1086.174,851.08,2601.51,112336634
Pakistan,1990,21.14,336.76,2497.249948,15.694,0.583935499,207.157,1098.547,879.17,2630.075,116155584
Pakistan,1991,20.79,242.21,2594.388668,15.851,0.562026262,198.385,1118.81,918.733,2696.148,120060409
Pakistan,1992,20.58,335.49,2653.360488,16.468,0.582895637,197.965,1188.3,875.911,2752.224,123546855
Pakistan,1993,21.27,222.84,2668.69877,16.362,0.607586563,202.165,1259.972,980.805,2962.63,127020117
Pakistan,1994,21.02,372.23,2726.269692,15.512,0.642596781,194.978,1312.163,971.36,2978.108,130748076
Pakistan,1995,20.84,332.31,2801.020205,15.541,0.621288121,190.978,1381.875,967.884,3051.513,134582255
Pakistan,1996,20.72,316.93,2825.082316,15.909,0.675118566,188.018,1411.618,1021.474,3157.013,138557089
Pakistan,1997,20.3,332.5,2822.945787,12.213,0.658015668,170.862,1414.357,990.06,2966.948,142531801
Pakistan,1998,21.35,267.55,2859.801485,14.898,0.660245597,166.367,1422.58,1014.384,3097.472,146522354
Pakistan,1999,21.68,216.19,2924.531372,12.713,0.660107434,161.977,1434.684,1125.79,3146.288,150565381
Pakistan,2000,21.5,199.23,2968.757343,10.753,0.671102166,152.284,1440.364,1159.13,3123.431,154879124
Pakistan,2001,21.67,228.25,3000.952559,10.829,0.661769807,153.708,1373.269,1190.079,3108.855,159270910
Pakistan,2002,21.76,200.42,3092.86135,11.551,0.677395642,168.156,1306.167,1258.977,3149.744,163222552
Pakistan,2003,21.21,352.61,3254.858995,12.784,0.677048981,176.698,1132.421,1528.953,3316.559,167110250
Pakistan,2004,21.88,235.5,3456.357838,12.115,0.727653384,205.052,1117.177,1790.957,3613.283,171285999
Pakistan,2005,21,305.24,3654.188119,12.98,0.740638673,219.221,1036.713,1858.626,3655.326,175453212
Pakistan,2006,21.67,344.01,3817.65001,11.995,0.767528474,247.671,1162.814,1854.351,3782.373,179682690
Pakistan,2007,21.63,297.6,3898.537381,11.84,0.804089189,302.838,1232.109,1832.059,3886.621,184493231
Pakistan,2008,21.48,315.17,3941.510394,10.105,0.780486047,318.483,1217.471,1826.268,3792.511,189499112
Pakistan,2009,22.01,267.19,3986.492377,10.194,0.763235033,334.667,1266.465,1785.281,3834.629,194376535
Pakistan,2010,22.09,379.09,4042.839608,10.436,0.740336716,313.986,1224.058,1774.17,3761.661,199239048
Pakistan,2011,21.69,304.62,4147.795012,10.606,0.733699083,291.997,1205.087,1734.495,3697.388,203746069
Pakistan,2012,21.13,250.49,4230.25555,3.989,0.724982679,293.966,1145.737,1762.303,3379.42,207667129
Pakistan,2013,21.72,325.55,4350.742516,10.559,0.702043116,288.724,1235.641,1685.936,3673.495,211073979
Pakistan,2014,21.32,237.2,4487.519648,10.733,0.703846872,305.088,1258.847,1632.873,3669.797,214264649
Pakistan,2015,21.6,375.86,4651.945186,10.407,0.666827559,311.638,1352.843,1681.349,3816.599,217290884
Pakistan,2016,22.21,272.58,4820.352011,10.286,0.802861333,334.201,1493.823,1755.74,4090.315,220138863
Pakistan,2017,21.94,262,5004.018862,8.975,0.949419796,421.525,1520.523,1824.645,4263.787,223273974
Pakistan,2018,22.24,180.87,5135.558073,8.879,0.896755278,584.314,1255.181,1920.761,4263.363,226928893
Pakistan,2019,21.43,353.92,5079.400347,10.438,0.826798618,618.132,1107.628,1926.898,4218.508,230800908
Pakistan,2020,21.28,386.88,5114.968071,11.468,0.91705513,671.761,1063.956,1751.576,4083.671,235001745
Pakistan,2021,22,230.15,5337.467278,9.927,1.017014265,738.658,1207.721,1874.54,4451.399,239477805
Pakistan,2022,22.22,442.89,5411.700286,10.571,0.869795382,619.501,1156.945,1565.918,4017.639,243700667
Pakistan,2023,21.9,345,5306.419378,12.266,0.75497973,523.427,904.396,1527.768,3653.434,247504505
Pakistan,2024,22.14,346.29,5387.996483,12.507,0.715568841,456.639,914.19,1474.592,3535.542,251269160
Sri Lanka,1970,26.5,1767.2,2453.474744,10.475,0.292426467,0,1430.321,0,1608.48,12287113
Sri Lanka,1971,26.09,1648.06,2380.736179,11.475,0.254179418,0,1409.355,0,1603.827,12551910
Sri Lanka,1972,26.49,1831,2382.806479,11.224,0.275725722,0,1452.988,0,1648.54,12809207
Sri Lanka,1973,26.8,1793.47,2430.935378,8.893,0.281324208,0,1515.746,0,1673.253,13060920
Sri Lanka,1974,26.34,1309.01,2464.5778,14.912,0.219035879,0,1188.395,0,1410.097,13305697
Sri Lanka,1975,26.33,1805.94,2475.354924,15.429,0.212382421,0,1209.83,0,1444.792,13548989
Sri Lanka,1976,26.57,1355.72,2502.634984,16.179,0.201568112,0.372,1156.967,0,1395.132,13796776
Sri Lanka,1977,26.65,1987.2,2618.800483,16.479,0.206101492,2.086,1214.388,0,1471.966,14049365
Sri Lanka,1978,26.76,1644.57,2731.832553,17.699,0.238237023,2.13,1231.105,0,1515.562,14310127
Sri Lanka,1979,27,1745.63,2856.903766,18.008,0.259293258,1.357,1266.684,0,1564.519,14579616
Sri Lanka,1980,27.08,1293.37,2957.862777,18.073,0.226281539,1.796,1253.378,0,1549.937,14847972
Sri Lanka,1981,26.76,1724.35,3092.631504,18.28,0.263062,0.98,1291.492,0,1600.246,15099417
Sri Lanka,1982,26.9,1476.28,3210.549495,17.347,0.289906412,13.545,1378.359,0,1702.874,15286571
Sri Lanka,1983,27.2,1341.95,3352.025153,13.283,0.313618451,13.522,1420.89,0,1668.3,15388795
Sri Lanka,1984,26.53,2123.06,3504.359246,21.653,0.247558817,26.191,1335.589,0,1762.419,15441858
Sri Lanka,1985,26.76,1751.54,3628.334081,26.337,0.249634713,15.743,1181.63,0,1653.092,15544152
Sri Lanka,1986,26.86,1615.41,3765.790757,27.65,0.230295196,5.822,1216.324,0,1719.343,15731253
Sri Lanka,1987,27.23,1341.55,3758.382216,22.052,0.250567853,5.386,1337.604,0,1747.434,15916578
Sri Lanka,1988,27.11,1903.77,3819.287199,26.665,0.213324964,2.734,1231.062,0,1711.351,16078624
Sri Lanka,1989,26.77,1504.04,3879.249069,29.593,0.210449547,0.316,1139.008,0,1649.099,16248560
Sri Lanka,1990,27.07,1925.63,4103.27678,29.79,0.232518956,0,1259.006,0,1827.675,16352460
Sri Lanka,1991,27.08,1546.75,4479.93704,29.579,0.249262437,0.4,1250.608,0,1810.375,16475354
Sri Lanka,1992,26.83,1423.63,4255.697466,25.59,0.300836951,0.394,1398.918,0,1911.578,16739297
Sri Lanka,1993,26.87,1943.09,4482.425427,30.813,0.288502455,0.263,1390.33,0,2049.865,17025924
Sri Lanka,1994,26.95,1762.93,4751.379955,30.635,0.309192121,0.233,1488.443,0,2188.583,17275777
Sri Lanka,1995,27.1,1589.93,4946.624998,31.403,0.325498223,0.663,1558.775,0,2319.408,17564065
Sri Lanka,1996,26.97,1733.73,5415.924306,21.369,0.383286357,0.135,1856.273,0,2393.455,17905020
Sri Lanka,1997,27.19,1967.32,5834.445489,21.955,0.405571997,0,1865.396,0,2424.001,18248205
Sri Lanka,1998,27.61,1606.49,5594.742971,23.41,0.40983656,0.122,1913.146,0,2535.792,18596006
Sri Lanka,1999,26.92,1798.68,5607.064002,23.242,0.442410767,0,2024.633,0,2677.223,18944734
Sri Lanka,2000,27.07,1767.84,5936.942228,16.823,0.517822206,0.205,2283.543,0,2775.435,19293056
Sri Lanka,2001,27.22,1491.63,5689.15875,16.752,0.518239796,0.052,2186.666,0,2654.694,19600361
Sri Lanka,2002,27.32,1715.88,5794.831928,13.979,0.544626772,6.389,2296.588,0,2701.697,19805750
Sri Lanka,2003,27.29,1651.9,6066.870151,16.628,0.53937906,34.829,2241.693,0,2759.773,19951521
Sri Lanka,2004,27.04,1936.69,6327.931823,15.216,0.592815459,9.1,2227.713,0,2663.676,20087608
Sri Lanka,2005,27.2,1702.3,6647.446924,15.244,0.577237964,33.611,2531.267,0,3056.231,20216531
Sri Lanka,2006,27.16,2121.58,7095.702563,18.984,0.565188408,25.042,2583.7,0,3259.271,20352416
Sri Lanka,2007,27.1,1596.9,7506.593827,15.797,0.577948987,24.263,2719.458,0,3290.961,20492546
Sri Lanka,2008,27.04,1996.72,7875.9003,17.442,0.564643919,32.494,2483.294,0,3081.809,20629377
Sri Lanka,2009,27.43,1561.43,8076.902048,16.162,0.605714023,32.871,2544.204,0,3105.535,20756438
Sri Lanka,2010,27.44,1841.58,8651.851589,21.793,0.608109474,33.383,2537.499,0,3334.24,20879092
Sri Lanka,2011,27.26,1569.93,9303.684315,16.358,0.689044654,165.572,2811.995,0,3597.448,21009054
Sri Lanka,2012,27.46,1709.62,10030.19655,11.61,0.726962268,250.511,2980.435,0,3682.307,21169461
Sri Lanka,2013,27.18,1520.75,10344.08836,23.64,0.662166774,261.198,2527.639,0,3708.73,21358829
Sri Lanka,2014,27.35,1856.7,10907.50749,14.695,0.792484164,496.913,2871.656,0,3986.135,21547454
Sri Lanka,2015,27.32,2320.14,11270.80583,18.069,0.882604599,663.094,2740.413,0,4201.579,21729975
Sri Lanka,2016,27.69,1424.97,11742.73544,11.92,1.019553065,696.189,3327.802,0,4603.753,21910763
Sri Lanka,2017,27.42,1681.7,12401.38825,11.102,1.00364244,715.396,3550.136,0,4832.206,22087525
Sri Lanka,2018,27.32,1784.02,12593.44636,16.029,0.904896259,686.196,3511.631,0,5049.593,22253116
Sri Lanka,2019,27.65,2002.67,12477.46559,12.824,0.9417696,727.21,3634.101,0,5043.847,22410552
Sri Lanka,2020,27.62,1614.89,11963.5022,14.89,0.904732823,867.986,3055.538,0,4653.029,22561808
Sri Lanka,2021,27.38,2037.78,12286.06936,21.005,0.917301416,861.972,2877.623,0,4795.043,22700377
Sri Lanka,2022,27.2,1838.02,11156.07571,23.449,0.804772854,803.326,2416.409,0,4265.696,22834965
Sri Lanka,2023,27.41,2237.04,11001.14669,20.969,0.83433491,717.056,2680.205,0,4356.593,22971615
Sri Lanka,2024,27.86,1858.65,11614.14024,23.25,0.901399732,841.251,2806.079,0,4819.195,23103561
Thailand,1970,26.38,1869.26,2785.342582,7.414,0.42726782,46.902,1677.209,0,1871.079,35954411
Thailand,1971,25.74,1643.12,2844.143177,7.672,0.520144403,35.972,1817.464,0,2017.387,36937392
Thailand,1972,26.46,1555.62,2884.577334,5.326,0.573921919,27.532,2221.566,0,2383.797,37933932
Thailand,1973,26.5,1591.51,3090.874929,5.465,0.625378847,28.71,2290.514,0,2461.957,38947791
Thailand,1974,26.01,1680.95,3148.099987,6.874,0.603620827,41.968,2273.177,0,2497.067,39952896
Thailand,1975,26.2,1727.13,3224.608188,8.622,0.592425168,39.148,2405.075,0,2689.724,40939999
Thailand,1976,26.14,1600.04,3438.369155,8.737,0.681779146,44.371,2474.448,0,2775.513,41896511
Thailand,1977,26.41,1377.36,3694.13925,7.122,0.744040072,41.733,2718.705,0,2985.781,42843973
Thailand,1978,26.68,1623.81,3972.801536,4.308,0.793808401,52.586,2920.84,0,3115.91,43788976
Thailand,1979,27.04,1292.41,4093.368338,6.276,0.813883543,108.275,2918.634,0,3242.673,44718436
Thailand,1980,26.75,1670.84,4193.685911,2.436,0.870766282,114.687,2987.111,0,3184.257,45650031
Thailand,1981,25.93,1552.98,4353.573948,5.671,0.806008518,125.036,2765.893,59.179,3138.92,46575851
Thailand,1982,26.04,1505.48,4497.751937,7.145,0.786553741,159.84,2460.047,295.803,3154.517,47494577
Thailand,1983,26.37,1633.23,4657.106122,6.215,0.862902343,150.527,2676.385,341.527,3391.938,48423309
Thailand,1984,26.09,1503.86,4833.052882,6.25,0.914956093,185.976,2759.376,500.297,3690.169,49351711
Thailand,1985,26.15,1540.52,4965.588409,5.407,0.952147424,366.715,2555.824,645.69,3785.338,50270754
Thailand,1986,26.11,1495.78,5146.959822,7.626,0.956856251,353.417,2601.794,681.399,3956.224,51177832
Thailand,1987,27,1495.27,5540.56728,4.897,1.033419251,501.484,2777.467,928.501,4438.084,52074109
Thailand,1988,26.75,1744.07,6171.056803,4.017,1.146535754,507.956,3115.864,1077.306,4910.51,52969595
Thailand,1989,26.74,1419.5,6809.634566,5.126,1.331425905,608.578,3638.18,1038.939,5589.666,53848955
Thailand,1990,27.1,1528.89,7446.843999,3.878,1.581401229,828.506,4262.556,1108.045,6465.264,54738329
Thailand,1991,27.13,1428.27,7870.087338,3.236,1.708289027,954.65,4472.321,1349.696,7017.81,55637436
Thailand,1992,26.8,1371.42,8375.976855,2.724,1.866542101,1005.622,4892.733,1440.21,7557.287,56528832
Thailand,1993,26.77,1330.25,8878.578624,2.092,2.122607231,1102.963,5547.23,1606.198,8444.095,57408198
Thailand,1994,26.84,1652.55,9360.746848,2.278,2.349262238,1256.703,6117.088,1751.61,9351.679,58260855
Thailand,1995,26.73,1671.12,9881.952429,3.056,2.599909067,1413.296,6868.293,1788.333,10407.508,59098231
Thailand,1996,26.34,1755.28,10201.76966,2.978,2.896622896,1695.973,7496.715,2055.056,11614.824,59920059
Thailand,1997,26.87,1387.94,9703.489504,2.807,2.984009266,1725.888,7436.117,2543.715,12064.948,60724588
Thailand,1998,27.5,1520.92,8766.117964,2.24,2.595858335,1366.729,6663.721,2681.114,10972.201,61522632
Thailand,1999,26.28,1770.93,8964.248192,1.521,2.684386492,1434.957,6920.465,2941.317,11481.495,62299039
Thailand,2000,26.52,1760.51,9192.791603,2.432,2.65605402,1455.31,6649.005,3363.927,11771.415,63007815
Thailand,2001,26.68,1592.15,9370.579002,2.432,2.706421852,1603.705,6510.561,3858.616,12288.995,63651137
Thailand,2002,26.82,1646.05,9805.700803,2.662,2.873435736,1695.16,6974.128,4152.906,13194.149,64266433
Thailand,2003,26.76,1538.69,10368.76248,2.58,2.945786238,1715.359,7574.758,4381.53,14054.511,64868164
Thailand,2004,26.66,1439.38,10880.72766,2.204,3.167673111,1904.797,8320.312,4546.082,15121.47,65452049
Thailand,2005,26.84,1580.6,11197.62809,2.108,3.246494055,2041.312,8227.349,4856.171,15467.393,66017415
Thailand,2006,26.76,1713.88,11613.24884,2.724,3.242183685,2160.484,8099.867,4959.047,15668.239,66567685
Thailand,2007,26.66,1663.28,12095.95458,2.832,3.339412689,2408.681,7947.5,5241.549,16074.729,67102388
Thailand,2008,26.28,1712.61,12156.50434,2.862,3.316316128,2577.784,7433.363,5463.149,15950.123,67619835
Thailand,2009,26.67,1638.28,11932.57333,2.98,3.359257221,2567.414,7610.634,5596.571,16278.564,68121077
Thailand,2010,27.3,1639.56,12687.61166,2.75,3.514449358,2617.18,7791.62,6300.075,17198.229,68579443
Thailand,2011,26.26,1990.38,12660.16659,3.442,3.548588037,2644.925,7875.876,6422.236,17570.367,69007212
Thailand,2012,27.14,1543.08,13493.28309,3.781,3.778260946,2758.82,8127.851,7004.067,18619.578,69436091
Thailand,2013,26.76,1726.75,13774.70498,3.8,3.776262999,2699.334,8365.567,6996.098,18796.785,69845112
Thailand,2014,26.88,1470.12,13836.70103,4.24,3.880686045,2960.427,8412.595,7112.977,19328.395,70216362
Thailand,2015,27.3,1419.56,14204.71279,4.202,3.928205729,2892.989,8568.335,7224.325,19526.947,70540787
Thailand,2016,27.42,1598.15,14626.49088,4.617,4.008553982,2935.8,8824.153,7135.813,19835.943,70859835
Thailand,2017,26.9,1979.52,15173.27091,5.318,3.981828213,2935.022,9058.915,7038.176,20133.205,71160183
Thailand,2018,26.9,1574.17,15766.20468,6.379,4.039237022,3119.669,9224.757,7007.896,20712.488,71376081
Thailand,2019,27.48,1303.65,16066.7549,6.951,3.941114664,2774.701,9311.747,7122.197,20689.293,71522264
Thailand,2020,27.39,1540.32,15051.79137,6.97,3.795612335,2961.738,8376.775,6539.915,19257.477,71641484
Thailand,2021,26.86,1628.74,15268.75327,7.034,3.724407196,3029.168,8353.164,6554.506,19334.578,71727338
Thailand,2022,26.74,2061.18,15670.71483,7.248,3.79970932,2755.672,8970.895,6177.997,19347.238,71735321
Thailand,2023,27.5,1505.99,16030.47397,7.608,3.692115545,2343.686,8920.55,6579.161,19360.342,71702436
Thailand,2024,27.79,1643.19,16511.0754,7.403,3.736118793,2380.916,9205.585,6729.069,19825.014,71668010
Vietnam,1970,24.18,1865.45,1203.124555,1.841,0.679272473,365.872,1776.835,0,2185.485,41475227
Vietnam,1971,23.84,1831.44,1234.99075,2.113,0.577244103,392.605,1468.656,0,1904.031,42449281
Vietnam,1972,24.34,1869.37,1314.073266,1.498,0.530400276,288.68,1486.316,0,1803.729,43429169
Vietnam,1973,24.59,1750.08,1372.819995,1.412,0.564466774,406.436,1427.28,0,1861.682,44409864
Vietnam,1974,24.04,1868.65,1288.912273,1.9,0.419655025,474.793,851.865,0,1354.005,45413538
Vietnam,1975,24.27,1859.39,1170.777394,2.035,0.468374133,644.764,793.876,0,1470.448,46482905
Vietnam,1976,24.01,1674.67,1332.961884,3.92,0.291468561,593.391,201.82,0,829.751,47684927
Vietnam,1977,24.37,1617.36,1346.049687,3.948,0.311445862,633.588,194.744,0,864.573,48954875
Vietnam,1978,24.45,1904.22,1321.138245,5.078,0.306225359,596.665,230.001,0,873.743,50249551
Vietnam,1979,24.72,1635.67,1298.817437,5.893,0.316276193,603.477,259.922,0,920.953,51378214
Vietnam,1980,24.64,1770.43,1235.171064,7.671,0.319851518,503.84,443.954,0,1031.62,52490098
Vietnam,1981,24.25,1762.75,1249.503076,7.751,0.329288453,547.975,377.285,1.796,1009.98,53738141
Vietnam,1982,24.22,1787.03,1319.580684,7.511,0.333415687,591.951,374.67,3.333,1053.808,55011292
Vietnam,1983,24.37,1791.38,1358.98972,5.626,0.342037708,581.728,418.548,11.219,1075.686,56337918
Vietnam,1984,24.07,1787.36,1445.984695,7.299,0.303177148,568.54,399.459,9.532,1059.468,57706071
Vietnam,1985,24.12,1761.33,1496.714692,6.684,0.357216358,552.153,411.952,5.8,1043.855,59060622
Vietnam,1986,24.25,1948.57,1507.818339,5.87,0.341104805,595.501,437.103,5.917,1107.463,60347044
Vietnam,1987,24.89,1607.63,1530.247325,5.126,0.378290713,650.574,499.046,5.798,1221.87,61584645
Vietnam,1988,24.53,1675.59,1589.874527,6.643,0.367144316,597.201,511.112,4.3,1196.885,62843234
Vietnam,1989,24.55,1621.13,1630.607448,15.016,0.271217883,469.933,465.719,4.964,1117.536,64147354
Vietnam,1990,24.85,1863.08,1678.355705,19.581,0.325147569,394.682,534.504,5.893,1177.445,65504551
Vietnam,1991,24.88,1687.66,1733.150987,22.676,0.319553971,373.284,510.832,10.387,1173.749,66891778
Vietnam,1992,24.48,1624,1839.188626,23.761,0.314479262,366.822,547.225,29.688,1256.847,68260336
Vietnam,1993,24.54,1587.33,1943.061294,22.917,0.328411937,348.3,686.493,34.669,1407.925,69586394
Vietnam,1994,24.75,1950.59,2069.609003,23.82,0.386174381,377.685,747.177,34.049,1544.651,70854393
Vietnam,1995,24.53,1750.2,2222.795252,23.467,0.417605758,499.848,811.156,19.488,1764.786,72049945
Vietnam,1996,24.27,1861.42,2384.626698,23.225,0.485008627,549.895,919.499,37.858,1992.616,73156456
Vietnam,1997,24.68,1796.09,2533.572319,19.526,0.613013327,696.235,1032.58,69.034,2262.23,74226890
Vietnam,1998,25.33,1729.79,2633.189466,17.158,0.635678172,736.142,1124.655,115.339,2411.832,75299665
Vietnam,1999,24.51,1952.81,2714.301694,20.617,0.636386752,543.89,1222.775,164.444,2465.005,76287454
Vietnam,2000,24.5,1722.38,2856.40427,19.107,0.699062347,706.848,1310.958,200.119,2775.604,77154016
Vietnam,2001,24.71,1929.45,3012.033605,21.061,0.78214556,764.393,1406.303,247.533,3104.359,77969357
Vietnam,2002,24.81,1890.97,3182.38266,19.066,0.882683575,863.997,1528.703,294.012,3361.023,78772227
Vietnam,2003,24.85,1629,3370.917256,18.345,0.97105819,995.895,1610.41,287.812,3586.163,79563778
Vietnam,2004,24.62,1623.19,3586.665,14.008,1.107048988,1292.573,1897.477,499.683,4328.84,80338977
Vietnam,2005,24.8,1817.57,3810.520364,12.158,1.181946635,1341.011,1867.086,766.399,4560.353,81088309
Vietnam,2006,24.92,1753.31,4009.174212,15.766,1.212832689,810.72,1807.394,822.097,4125.312,82167901
Vietnam,2007,24.67,1799.9,4206.292507,16.349,1.212824821,871.905,1976.914,816.923,4427.346,83633374
Vietnam,2008,24.23,1959.55,4351.962366,15.182,1.341925621,1623.249,2035.612,849.6,5367.823,85175789
Vietnam,2009,24.81,1632.36,4506.948754,17.054,1.439895391,1500.491,2044.285,894.014,5409.73,86460023
Vietnam,2010,25.05,1620.88,4730.038964,13.931,1.595833302,1935.362,2295.6,1037.438,6177.169,87455148
Vietnam,2011,24.17,1861.77,4954.934577,18.079,1.724503636,2280.029,2260.456,924.987,6749.783,88468315
Vietnam,2012,24.92,1920.31,5166.845326,22.488,1.611964703,2091.624,2201.647,1008.551,6938.164,89510355
Vietnam,2013,24.69,1900.53,5389.818888,22.935,1.672233343,2207.836,2253.258,1038.908,7244.138,90573103
Vietnam,2014,24.87,1679.8,5666.725898,22.221,1.963878036,2635.449,2343.308,1074.683,7894.68,91679582
Vietnam,2015,25.26,1744.73,5987.96227,17.797,2.298899174,3287.144,2701.721,1108.224,8731.432,92823254
Vietnam,2016,25.16,1796.3,6308.573516,18.653,2.351348162,3512.542,2893.544,1089.217,9326.302,94000115
Vietnam,2017,24.81,1885.46,6662.969769,23.117,2.392326117,3466.334,3095.029,1000.314,9981.674,95176978
Vietnam,2018,24.8,1791.18,7081.467433,19.655,2.654567003,4566.98,3326.021,1003.732,11210.952,96237319
Vietnam,2019,25.38,1639.96,7529.326977,14.914,3.491809845,5975.52,3489.33,1012.928,12433.123,97173778
Vietnam,2020,25.2,1684.26,7673.692799,17.276,3.69700098,6216.825,3133.156,901.251,12527.92,98079196
Vietnam,2021,25,1800.75,7802.205995,22.16,3.175785065,5854.675,2912.099,727.639,12365.529,98935101
Vietnam,2022,24.72,1778.7,8364.751422,25.312,3.236868382,5380.087,3382.2,782.218,12976.387,99680656
Vietnam,2023,25.49,1773.04,8722.441843,21.388,3.461795807,6304.862,3608.687,718.041,13711.071,100352189
Vietnam,2024,25.54,1798.84,9277.710299,21.534,3.673035145,6866.531,3851.628,603.911,14618.14,100987685
